TempMax,TempMin,Mes,Dia,Demanda
14.3,3.6,Julio,Laborable,1465
16.3,1.2,Julio,Laborable,1499
7.1,1.2,Julio,Laborable,1811
10.5,2,Julio,Laborable,1483
14.9,4.3,Julio,Feriado,1375
16.6,1,Julio,Feriado,1483
15.4,2.2,Julio,Laborable,1370
17.1,1.6,Julio,Laborable,1370
10.5,3.3,Julio,Laborable,1510
14.2,1.2,Julio,Laborable,1520
13.2,0.2,Julio,Laborable,1659
15,2.6,Julio,Feriado,1479
12.5,9,Julio,Feriado,1326
10.9,5.9,Julio,Laborable,1560
8.8,5.9,Julio,Laborable,1539
9,5.3,Julio,Laborable,1672
10.1,5.9,Julio,Laborable,1550
8.6,6.6,Julio,Laborable,1562
12.4,0.6,Julio,Feriado,1663
14.9,2.8,Julio,Feriado,1514
12.4,1.1,Julio,Feriado,1743
21.6,2.7,Julio,Laborable,1152
16.3,9.9,Julio,Laborable,1207
11.3,8.1,Julio,Laborable,1419
14.4,7.4,Julio,Laborable,1311
14.6,9.9,Julio,Feriado,1303
12.6,8.5,Julio,Feriado,1329
20,6.6,Julio,Laborable,1192
19.3,9.4,Julio,Laborable,1120
9.4,5.4,Julio,Laborable,1613
17.9,3.3,Julio,Laborable,1415
16.3,1.8,Agosto,Feriado,1428
11.9,1.2,Agosto,Feriado,1716
12.8,1.6,Agosto,Laborable,1531
13.7,2.1,Agosto,Laborable,1526
14.4,6.5,Agosto,Laborable,1479
14.1,1.7,Agosto,Laborable,1537
17.1,2.7,Agosto,Laborable,1464
20.2,3.8,Agosto,Feriado,1255
18.3,7.7,Agosto,Feriado,1319
11.9,2,Agosto,Laborable,1622
13.2,7.8,Agosto,Laborable,1358
9.1,3.4,Agosto,Laborable,1697
9.9,3.2,Agosto,Laborable,1759
9.2,6.9,Agosto,Laborable,1538
8.4,7.4,Agosto,Feriado,1515
12,1.2,Agosto,Feriado,1658
8.8,-0.1,Agosto,Laborable,1797
9.9,-4.2,Agosto,Laborable,2013
12.9,1.3,Agosto,Laborable,1662
13.1,0.6,Agosto,Laborable,1670
13.3,-0.2,Agosto,Laborable,1677
14.1,2.1,Agosto,Feriado,1550
15.4,3.4,Agosto,Feriado,1379
16.5,9.9,Agosto,Laborable,1266
18.2,7.8,Agosto,Laborable,1191
14.9,2.6,Agosto,Laborable,1525
14.9,2.3,Agosto,Laborable,1495
17.6,2.7,Agosto,Laborable,1475
10.3,4.1,Agosto,Feriado,1588
8.4,0.6,Agosto,Feriado,1833
11.3,2.1,Agosto,Laborable,1539
